id	phone	lead_id	followup_id	provider	outcome	call_status	recording_synced	created_at
5657	+918789606423	8a31af41-41a1-493d-858e-8cbba00f923c	3bde63f8-cb3b-46bd-8ba8-725b3452d525	asterisk	CONNECTED	ANSWERED	1	2026-09-29 10:28:21
5659	+919988166614	155d8f77-d22a-4c84-b079-2d6fb548e0c1	6f0ab6b8-1eb8-4355-86ef-5cf73b48d5df	asterisk	CONNECTED	ANSWERED	1	2026-09-29 10:28:21
5681	+918577913185	3c238019-7da0-4c04-ac98-ab4b7f5e3c54	881a5967-ba67-4a41-b260-be486c5f7b5a	asterisk	CONNECTED	ANSWERED	1	2026-09-29 10:30:21
5684	+919987356060	0909495f-169d-4d69-8400-9f9c364a497b	6e6c2500-9df1-4248-8b9b-c3377f3d8bca	asterisk	CONNECTED	ANSWERED	1	2026-09-29 10:30:21
5697	+919913149001	0f084d9e-d150-47b9-9446-a049ad49f07e	e2fe8984-0f83-40e2-90b8-c17f1df04fbe	asterisk	CONNECTED	ANSWERED	1	2026-09-29 10:31:22
5695	+918200075061	19cf8ed6-95be-4219-9cf9-32c0c3bb1d68	718e8b85-b422-47c7-80e8-e278e74ed79a	asterisk	CONNECTED	ANSWERED	1	2026-09-29 10:31:22
5693	+919913690199	479f065a-4329-4fb7-a467-b76a359f6d07	4d6ac729-a2ba-4091-b22b-bc22dc53c74c	asterisk	CONNECTED	ANSWERED	1	2026-09-29 10:31:22
5710	+919403822103	9d6cb31d-d5e2-4bbd-9913-85d783b54db1	b8f98dd8-bc98-495f-8ee9-f9a69c418aa7	asterisk	CONNECTED	ANSWERED	1	2026-09-29 10:32:22
5732	+918605113438	06da4bfc-cf33-4c2d-8889-c0b12e63237e	90cf6bbe-5c9e-487a-a831-7e44446a8b16	asterisk	CONNECTED	ANSWERED	1	2026-09-29 10:34:21
5733	+918888874266	60a012e7-4665-4074-b119-cb453fb77702	bbca757e-7bee-470f-8464-bd1910022efe	asterisk	CONNECTED	ANSWERED	1	2026-09-29 10:34:21
5745	+919978770931	015e5454-9424-4592-a91b-86c0a13c1643	3d3b5de7-8ad4-4670-800b-9e8269325af0	asterisk	CONNECTED	ANSWERED	1	2026-09-29 10:35:21
5744	+919636705075	e846da2c-b651-4048-8b7d-0c659b427e84	669c4412-7997-4001-aa96-d897ef737da0	asterisk	CONNECTED	ANSWERED	1	2026-09-29 10:35:21
5756	+919994343592	1eacf6de-0b82-435c-a7ab-dbd8fd49c95f	d3342149-5603-4624-8046-8597dac379b5	asterisk	CONNECTED	ANSWERED	1	2026-09-29 10:36:22
5757	+919172190951	fd41438f-5a09-400d-a94a-fa34d682b833	5cf06bd2-c767-4f78-988d-ed22979b061a	asterisk	CONNECTED	ANSWERED	1	2026-09-29 10:36:22
5769	+919426412682	8b97526b-ccde-431f-b933-0ce344d6397c	e0351740-c69c-4070-a663-949d26db5bf9	asterisk	CONNECTED	ANSWERED	1	2026-09-29 10:37:23
5779	+919935700335	93b06df9-e3e3-4199-a860-edd6b7bdf352	eb0c0675-3d5c-4d54-bf9a-91d036dd5d55	asterisk	CONNECTED	ANSWERED	1	2026-09-29 10:38:21
5794	+918506841814	fa233321-6eef-4303-b001-b50518608d64	73dd7bc6-104c-49b0-91dd-e33c007e7eae	asterisk	CONNECTED	ANSWERED	1	2026-09-29 10:39:22
5797	+918000535200	a7e08f87-eedb-46bb-bc9f-042f6f524081	1b18a927-c974-4511-a070-3b29a08e61e2	asterisk	CONNECTED	ANSWERED	1	2026-09-29 10:39:22
5813	+919079810420	c7e0a411-30ab-45ec-93b1-29c2882e47b7	8f36d356-e2b2-4f08-b34e-1b7653a9274f	asterisk	CONNECTED	ANSWERED	1	2026-09-29 10:40:22
5812	+919669176690	39e3f640-30cd-442f-83a7-5a355c3c2a12	0ed7bff8-6c2c-4135-a7a4-4f61e6f45402	asterisk	CONNECTED	ANSWERED	1	2026-09-29 10:40:22
5811	+918141458994	d0e11c16-1abf-4bb0-9ef3-af15bc257a4e	b210cdbf-640f-4b65-89eb-8154e4fe4346	asterisk	CONNECTED	ANSWERED	1	2026-09-29 10:40:22
5807	+919431145758	38a5d2d7-77b7-45e9-8bad-2052eb72c0f5	0aa1c1e0-7ead-4ccb-91c6-4c9a9062c5c7	asterisk	CONNECTED	ANSWERED	1	2026-09-29 10:40:22
5838	+919986663867	791bb7e9-af99-4b5d-a1b2-75151d742606	abcde182-2246-4316-b848-61ee818ae426	asterisk	CONNECTED	ANSWERED	1	2026-09-29 10:42:22
5852	+919468929611	3b12e0c9-36d7-430e-b29f-40499e585c6c	365a4869-e89d-421f-aab2-a2a8fd290ee5	asterisk	CONNECTED	ANSWERED	1	2026-09-29 10:43:23
5864	+919039616415	e8a77d8a-7b6a-4676-8c96-95f818f5a75b	844bd1a6-4f41-492a-ad79-e143311d8017	asterisk	CONNECTED	ANSWERED	1	2026-09-29 10:44:21
5867	+918484842700	d5f74bae-3bf0-479f-a9b5-1ab57668089f	c1e83da7-ba60-4269-bc1d-08cd3d5c1bc3	asterisk	CONNECTED	ANSWERED	1	2026-09-29 10:44:21
5884	+919782012738	f410715d-afea-4ff9-94ff-0af424537f5d	c79134de-23ee-40ac-a4bf-2b286d512fba	asterisk	CONNECTED	ANSWERED	1	2026-09-29 10:45:22
5887	+917022001074	147b3eb0-259a-4028-b77d-d684ba01fa68	f4de3b8b-c1f2-40d0-b5b1-addcf26369bc	asterisk	CONNECTED	ANSWERED	1	2026-09-29 10:45:22
5888	+919890536333	ef7254a3-bad4-4e74-ad71-be8190e402c9	fefaa1c3-31e1-424a-8ee1-ede35a35b45e	asterisk	CONNECTED	ANSWERED	1	2026-09-29 10:45:22
5913	+919740611776	ece774d0-792d-4a5a-b059-328b62f1c34a	21679e97-6509-48c8-a285-385b9b4e2bfe	asterisk	CONNECTED	ANSWERED	1	2026-09-29 10:47:22
5923	+919119310458	d3541fa3-9c6c-4546-9f67-77967b0ce0e2	aa77ae6f-5aaa-4ea7-a82f-337418fd6f83	asterisk	CONNECTED	ANSWERED	1	2026-09-29 10:48:21
5935	+919759783424	2cc0c3c7-a011-4d07-8c99-4fd56783c402	4e217bae-eca5-4568-b002-6c94f529445f	asterisk	CONNECTED	ANSWERED	1	2026-09-29 10:49:23
5938	+918982829262	bfe20a04-fb8a-46c4-8d48-8321e45cd997	5e3b9492-76b7-4bf2-9fff-50fc16ea0f06	asterisk	CONNECTED	ANSWERED	1	2026-09-29 10:49:23
5939	+917028405250	44cab2c2-7886-4689-abca-2ee6a097247c	1a9f26eb-4c39-4655-b648-107debf864b5	asterisk	CONNECTED	ANSWERED	1	2026-09-29 10:49:23
5950	+918112260622	f78d0850-1b5c-43e6-a5ee-a70c14eb6cdf	447f6097-1ecb-411d-9976-26805e2b0a09	asterisk	CONNECTED	ANSWERED	1	2026-09-29 10:50:22
5954	+918950020424	aaf53dec-ee9f-4efe-ac6f-86ac1bf84961	f4b1e17c-4d4b-4f2f-bb4c-803756ff2fa8	asterisk	CONNECTED	ANSWERED	1	2026-09-29 10:50:22
5955	+918502888454	4cf42fbe-039c-49a3-a90c-575ac3b16efc	61038bd9-d227-4cf2-b40d-72efb951428b	asterisk	CONNECTED	ANSWERED	1	2026-09-29 10:50:22
5968	+919821362604	1485a622-8dbe-4dca-8e30-8690fd5cc5b2	548b0f76-f314-4314-af4a-6fc6eed1f920	asterisk	CONNECTED	ANSWERED	1	2026-09-29 10:51:22
5967	+917869222352	badff005-af43-4770-b5ff-19ba7aa4a325	0e5a1fa3-4d95-4272-a90e-6d5cdb9e3f92	asterisk	CONNECTED	ANSWERED	1	2026-09-29 10:51:22
5965	+919130500903	9ebe9737-f597-436f-aa22-0b8ddbeadc84	0cd18670-7c84-4719-b67b-10548749fa25	asterisk	CONNECTED	ANSWERED	1	2026-09-29 10:51:22
5992	+919662399183	b85db28e-f135-43e1-8855-23e8aec09be6	894c4431-6893-439a-a57c-afbb9716d39e	asterisk	CONNECTED	ANSWERED	1	2026-09-29 10:53:21
5996	+918888547766	b79bc72d-f90a-4284-b5bc-410bdeba041a	e9564225-8cca-429f-9342-14782d72250a	asterisk	CONNECTED	ANSWERED	1	2026-09-29 10:53:21
6009	+919001519585	d011ad89-cf05-4a18-a5d5-d8098b115914	418f22b8-cf75-45ee-a5e2-6975354e1ca9	asterisk	CONNECTED	ANSWERED	1	2026-09-29 10:54:21
6010	+918698158386	25b58bfa-d091-4fee-8be5-9391439ce500	def7c196-1f34-4ada-afc0-7b1fcbb80cef	asterisk	CONNECTED	ANSWERED	1	2026-09-29 10:54:21
6020	+919537222859	0be7ce12-9858-412c-8980-d380a457ce16	cd4b40b6-a7d3-41e7-b21c-411e54f5c4c0	asterisk	CONNECTED	ANSWERED	1	2026-09-29 10:55:21
6023	+919767804840	fe7d9bbe-99eb-41cd-bb91-786a8d6ced41	6681fe3f-148f-44c0-8dd3-94c1d7312a4e	asterisk	CONNECTED	ANSWERED	1	2026-09-29 10:55:21
6035	+919563116761	f3860d1f-52de-456a-b2bd-d20c5b2ca664	6b49da3a-9d8a-47b6-aabe-5d82914f70ea	asterisk	CONNECTED	ANSWERED	1	2026-09-29 10:56:22
6038	+919326469547	baa9c094-8b21-4b22-9eb7-147750413f69	ca2a8738-3ab3-4ab7-9f5c-9899f65c4532	asterisk	CONNECTED	ANSWERED	1	2026-09-29 10:56:22
6047	+919886072580	8aaff481-3934-4e24-8166-64586c6ba6c1	d1be8c34-730c-43f9-9292-f831281ad5a3	asterisk	CONNECTED	ANSWERED	1	2026-09-29 10:57:23
6067	+917259867281	de33571f-ab06-460f-8a78-f15c18d375b0	735bf2a9-a4b1-4174-b50f-121f4e86b284	asterisk	CONNECTED	ANSWERED	1	2026-09-29 10:58:22
6075	+917276400013	52bec314-65f5-4341-8881-2cf9a0db8422	85d6a63e-25ae-4237-b438-14f0ff3d0913	asterisk	CONNECTED	ANSWERED	1	2026-09-29 10:59:22
6078	+919819834432	9ec6a4f8-93af-41c2-92d4-2f85196985bd	6c06e50e-a216-41ba-837f-63ed6d5d2a19	asterisk	CONNECTED	ANSWERED	1	2026-09-29 10:59:22
6095	+919953994187	02953da3-2303-4783-a553-504064ce78ce	ce9b0a2b-f2ad-422e-a369-6079aeb59836	asterisk	CONNECTED	ANSWERED	1	2026-09-29 11:00:22
6096	+919881825850	8be80a3a-ece8-4973-8f73-8f5e8dec4dc7	6dad06d5-02f9-4f15-89c9-a6ff09bc34c4	asterisk	CONNECTED	ANSWERED	1	2026-09-29 11:00:22
6110	+919099762344	573ccf6a-e0e3-40ff-8d1b-66dd6fce4880	47dc0efc-aab5-45f5-853a-2244eb3e3062	asterisk	CONNECTED	ANSWERED	1	2026-09-29 11:01:22
6118	+919986660639	8a15e107-4129-487f-a6b3-996ceb177942	031f7877-c8d0-4834-ad45-d25f09b25d0d	asterisk	CONNECTED	ANSWERED	1	2026-09-29 11:02:22
6119	+919241014686	ae4650db-ed12-41e2-b41d-ff5c12de6b08	3b8b8a69-f4fe-4e57-893e-c7dec9ffabe2	asterisk	CONNECTED	ANSWERED	1	2026-09-29 11:02:22
6147	+919824677884	01e923b7-1372-488f-81ee-3f2deed6419d	69534e63-b602-4949-980f-add8da491720	asterisk	CONNECTED	ANSWERED	1	2026-09-29 11:04:21
6153	+918691066786	5475e17c-828f-4e29-9b9c-50b18624abee	b9c477ec-cba6-4aca-9264-4e38766bde45	asterisk	CONNECTED	ANSWERED	1	2026-09-29 11:05:22
6154	+919761906965	4e07e879-b36b-4053-bada-7dfa3c115a32	bf278320-6cab-4f4b-94ae-919fa73f905a	asterisk	CONNECTED	ANSWERED	1	2026-09-29 11:05:22
6167	+919082602358	ec185d6e-f7c9-4fe7-8c4a-f783e0c15879	ee9c9c69-5d00-49e4-9923-a2da88826fe0	asterisk	CONNECTED	ANSWERED	1	2026-09-29 11:06:22
6206	+919740522155	6a00b026-1b81-4552-a827-1934db9b27d6	9bd2dced-2d49-4dc7-954c-7eb927cfce7a	asterisk	CONNECTED	ANSWERED	1	2026-09-29 11:09:22
6216	+919002879910	cbfadce8-398f-465a-9e6d-9368d46b3179	01ccf811-d556-4fbf-8cd1-b301efd752c2	asterisk	CONNECTED	ANSWERED	1	2026-09-29 11:10:22
6220	+919987680811	53669477-1008-401b-be1f-a6d8f01bbc3d	ab8410d4-b0d4-40cb-95ba-4bcdb5b5ceac	asterisk	CONNECTED	ANSWERED	1	2026-09-29 11:10:22
6231	+919604530344	8669d3df-cc10-4e04-a0ab-a68aef81c747	7ed8468f-ad72-4d9b-93aa-7a5ba5a4c945	asterisk	CONNECTED	ANSWERED	1	2026-09-29 11:11:22
6263	+919448272602	9e7f94ac-04c8-477e-8337-7297124cc8b7	54bc77c9-407c-4bb1-9d2c-0fd5b75f6b72	asterisk	CONNECTED	ANSWERED	1	2026-09-29 11:14:23
6281	+919918603007	bb7b9905-6e61-48e9-b01f-a7d87bbac181	7f02158b-a1b4-4ddc-90c9-908467566353	asterisk	CONNECTED	ANSWERED	1	2026-09-29 11:15:25
6341	+917508825260	5bddce17-b787-4d92-bd19-368201b28b66	87b4d81a-faef-413d-98a1-29411bb4d5d2	asterisk	CONNECTED	ANSWERED	1	2026-09-29 11:20:24
6224	918792177001	90678a3f-e36c-4a75-a207-43bb4927baa3	9528416c-7d69-468f-a79f-2b0fd7ff48ae	stringee	CONNECTED	ANSWERED	1	2026-09-29 11:10:52
6271	919375161773	5e3438de-505f-46e9-8cd2-b8513d20d35d	78c0e9f6-81e6-4794-9ac6-8386ee325693	stringee	CONNECTED	ANSWERED	1	2026-09-29 11:14:48
6348	919099015701	40842604-0231-4bb0-86ac-9817f8beadd4	4155957e-6676-4520-b44b-b6de3a3ade00	stringee	CONNECTED	ANSWERED	1	2026-09-29 11:20:48
6350	919825040510	6399722d-2d61-4d74-8f2e-9a074bc1105d	08ee91b5-8980-40a5-b844-011ffbea5004	stringee	CONNECTED	ANSWERED	1	2026-09-29 11:20:48
6352	919228433244	89ab3952-e246-429d-a4ed-d5584445ed74	e76691ab-bbe0-4be1-bc8b-f765dffb1ca0	stringee	CONNECTED	ANSWERED	1	2026-09-29 11:20:48
6363	919874179123	934af5e8-1294-48b3-9760-7fb0f71b9849	c4ee9d7e-0366-44ef-838b-0b954bbf143d	stringee	CONNECTED	ANSWERED	1	2026-09-29 11:21:48
6376	918292399417	c9c53382-9d61-4158-b30c-5efc279c6032	04051de5-9cbd-4085-ad25-1204fc615eed	stringee	CONNECTED	ANSWERED	1	2026-09-29 11:22:47
